canal,type,pays,ville,audience_estimee,source_audience,contact_public,proposition,date_contact,statut,prochaine_action,notes
WhatsApp,Maison d'hôtes,Sénégal,Saint-Louis (île),4 chambres,au-senegal.com,"Jamm maison d'hôtes · 77 443 47 65 · Rue Paul Holle x Abdoulaye Seck",Adresse partenaire Saint-Louis (1er mois offert),,à contacter,Envoyer le message « Hôtel ou maison d'hôtes »,Maison coloniale ; à partir de 58 000 FCFA la nuit
WhatsApp,Hôtel-restaurant,Sénégal,Saint-Louis (Pointe Nord),hôtel + restaurant + événements,au-senegal.com,"Keur Dada · +221 33 961 44 12 · +221 77 477 55 22 · keurdada.com",Adresse partenaire Saint-Louis,,à contacter,Message + capture de teranga-ai.fr/lieux/saint-louis,Restaurant ouvert aux non-résidents (12 h - 23 h) : aussi cible « restaurant »
Téléphone,Hôtel historique,Sénégal,Saint-Louis (île),37 chambres,au-senegal.com,Hôtel de la Poste · réservations via Booking/Hotels.com (numéro à trouver sur place ou via l'hôtel),Adresse partenaire + guide sponsorisé « Saint-Louis de l'Aéropostale »,,à contacter,Trouver le numéro de la réception,Hôtel le plus connu de l'île : forte valeur d'exemple s'il accepte
WhatsApp,Campement,Sénégal,Lompoul,15 tentes,au-senegal.com,"Camp Rêve de Nomade · 77 318 15 00 · 77 837 00 11 (Esprit d'Afrique)",Adresse partenaire Lompoul,,à contacter,Envoyer le message « Hôtel ou maison d'hôtes »,"Note Booking 8,9 ; demi-pension dès 39 000 FCFA/pers."
Téléphone,Campement,Sénégal,Ndangane (Saloum),8 bungalows,au-senegal.com,La Courbine du Saloum (ex-Auberge Bouffe) · numéro à trouver,Adresse partenaire Saloum + excursions en pirogue,,à contacter,Trouver le numéro (Booking ou Facebook),Propose transfert AIBD (35 000 FCFA) et excursions : double intérêt
Téléphone,Écolodge,Sénégal,Toubacouta (Saloum),9 cases,au-senegal.com,Écolodge de Keur Bamboung · numéro à trouver,Adresse partenaire Saloum,,à contacter,Trouver le numéro,Écotourisme communautaire (aire marine protégée) : cohérent avec l'image de Teranga AI
Téléphone,Hôtel,Sénégal,Toubacouta (Saloum),50 chambres,au-senegal.com,Keur Saloum Lodge Hôtel · numéro à trouver,Adresse partenaire Saloum,,à contacter,Trouver le numéro,Grand établissement : budget plus élevé possible
WhatsApp,Campement villageois,Sénégal,Kafountine (Casamance),bord de mer,au-senegal.com,"Campement Sitokoto · Madiang Diabang (gérant) 77 403 62 18 · Mohamed Mané 77 421 00 48",Adresse partenaire Casamance,,à contacter,Envoyer le message « Hôtel ou maison d'hôtes »,Seul campement villageois au bord de l'océan
Téléphone,Lodge,Sénégal,Kafountine (Casamance),plage privée,trip.com,Esperanto Lodge · numéro à trouver,Adresse partenaire Casamance,,à contacter,Trouver le numéro,Accueil en anglais/français/italien : clientèle étrangère
WhatsApp,Transfert / VTC,Sénégal,Dakar - AIBD - Saly,transferts aéroport,au-senegal.com,"Prestige VTC · +221 33 860 91 65 · +221 76 637 26 34",Bouton taxi (TAXI_PARTNER_URL) ou adresse partenaire « transferts »,,à contacter,Message « Agence de voyage ou location de voiture »,AIBD - centre de Dakar : 25 000 FCFA
WhatsApp,Transfert / VTC,Sénégal,Dakar - AIBD,transferts + chauffeur à la journée,au-senegal.com,Yobale · contact téléphone/WhatsApp (à trouver sur leur fiche),Bouton taxi ou adresse partenaire « transferts »,,à contacter,Trouver le numéro,"Véhicules hybrides, chauffeurs francophones"
E-mail,Appli VTC,Sénégal,Dakar,application nationale,wearetech.africa,KAI (appli « KAI nu dem » sur Google Play) · contact via la fiche Play Store,Lien de parrainage pour le bouton taxi,,à contacter,Écrire via l'adresse de contact de la fiche Play Store,Start-up sénégalaise : plus ouverte à un partenariat local
E-mail,Appli VTC,Sénégal,Dakar,application internationale,news24.com,Heetch · programme de parrainage dans l'appli,Code/lien de parrainage pour le bouton taxi,,à contacter,Vérifier s'il existe un lien de parrainage utilisable,Alternative si Sengo ou KAI ne répondent pas
